GeV,Pmm,Pmt,Pms
100.0,4.335673304731294e-06,0.4811141344301976,0.4948452958131606,0.02839234603632262
119.83967935871743,3.0216473596299396e-06,0.42652677450260634,0.44042178995405606,0.13658422977768794
139.67935871743487,2.224368592794377e-06,0.4756794036985115,0.3680451567782316,0.1594679698459962
159.5190380761523,1.7020141869034923e-06,0.5654185612863691,0.42340752225586514,0.013906082210665298
179.35871743486973,1.3465796285580354e-06,0.5822385557107106,0.3060411561060376,0.11405744547183246
199.19839679358716,1.0915658235580012e-06,0.5429238526269514,0.3028441636670832,0.1563442507972195
219.03807615230463,9.027999314008535e-07,0.6645809328128163,0.31261038866188934,0.02473585560312672
238.87775551102206,7.595179303074903e-07,0.6692645960635928,0.2822326082731162,0.050253380968237484
258.71743486973946,6.460189950372754e-07,0.5625273688922581,0.2897714941534755,0.14928412182474585
278.55711422845695,5.579601666965318e-07,0.6934302346579118,0.2872652575426063,0.020882967451298164
298.39679358717433,4.861015507180745e-07,0.6563629670294874,0.3301134438521338,0.014898723390287664
318.2364729458918,4.284948747150576e-07,0.6224516850728484,0.3323129438963128,0.04658715666387744
338.07615230460925,3.800320658789254e-07,0.6366080759796606,0.3334107409433979,0.0313438684648306
357.9158316633267,3.386925390327119e-07,0.6935469891990106,0.30749877261399583,0.00012783647433286914
377.7555110220441,3.0436012449919107e-07,0.6684757200719665,0.22924024829135206,0.10350251978412339
397.59519038076155,2.743552480267666e-07,0.5727401484978145,0.2824967429226778,0.14583077679734593
417.434869739479,2.491369961496291e-07,0.6995861064248294,0.3012585283722449,0.0002113685469323755
437.2745490981964,2.269440833727359e-07,0.6236677744568367,0.2500418621947963,0.1271725881912257
457.11422845691385,2.076787469627814e-07,0.6565247461174697,0.3267304016604225,0.01781826802931523
476.9539078156313,1.9064231956656172e-07,0.603990055876663,0.24758947627429506,0.14925828947725636
496.7935871743487,1.7525211294310458e-07,0.6872100571552031,0.31341152473194284,0.00018742633947428799
516.6332665330661,1.6207030008730202e-07,0.5445729469998281,0.2903428657699895,0.16609398714646598
536.4729458917836,1.501649078718718e-07,0.674653657544569,0.23654282742562233,0.08958877439902034
556.312625250501,1.4026993349682907e-07,0.6570235793694976,0.3294104165482114,0.014401092576364447
576.1523046092185,1.3092918774384177e-07,0.5415027840039096,0.28869001953214224,0.17061510287515383
595.991983967936,1.2128117271282037e-07,0.6382813531430283,0.2207304105126058,0.14176983554702352
615.8316633266534,1.1438815393643981e-07,0.7050210175948357,0.2907721388675756,0.0048225958255200384
635.6713426853707,1.0787620883847088e-07,0.6170676435983353,0.3292989545092132,0.054092013287496785
655.5110220440882,1.0119324854790003e-07,0.5794708048028071,0.28264229489680126,0.1384969682377673
675.3507014028056,9.573591262163e-08,0.6485058194547934,0.264315393022989,0.08802991388964965
695.1903807615231,8.985507155885962e-08,0.6817868670427204,0.3114922033110889,0.00736226699815562
715.0300601202405,8.490662223168633e-08,0.6232266163590073,0.353574709525612,0.02367021051547134
734.869739478958,8.077108677034532e-08,0.5720375289554803,0.33519189993045545,0.09348615939085632
754.7094188376755,7.710665034867187e-08,0.5679512217242751,0.2980269154034399,0.1345663869736719
774.5490981963928,7.298726513421888e-08,0.621582396445612,0.29203600350051767,0.08685646995064591
794.3887775551103,6.97403607835412e-08,0.6497313924390186,0.3321827137846983,0.018633790089449168
814.2284569138277,6.639859545844851e-08,0.6136186229191434,0.38329042322537793,0.003719163801143176
834.0681362725452,6.299194929772861e-08,0.5303542020251294,0.40558490881745873,0.06428185469406286
853.9078156312626,6.111486903299487e-08,0.4728916693429132,0.37554605813619363,0.15279779300839522
873.74749498998,5.8701628570350415e-08,0.4627051497503438,0.32334120955737816,0.2145716778751663
893.5871743486974,5.62150972799488e-08,0.5033979239547807,0.27968540309020684,0.2175222024095419
913.4268537074149,5.4114342710299966e-08,0.5691586485901493,0.2681857812618897,0.16299176179290198
933.2665330661323,5.111397481770272e-08,0.6190705396179595,0.30071990233497947,0.08049850706262228
953.1062124248498,4.9393494126471816e-08,0.6289565433364647,0.3499594156683871,0.02135253804893468
972.9458917835672,4.77412238362282e-08,0.6012752685626216,0.398628401505833,5.983581657588056e-05
992.7855711422847,4.662736873680088e-08,0.544249000152427,0.43195787542963715,0.024021553431323985
1012.625250501002,4.5080419782576965e-08,0.47992376005393345,0.4391667508087449,0.08163083291163885
1032.4649298597196,4.309450499028923e-08,0.4241670380827261,0.4220290174963549,0.1548685261751818
1052.304609218437,4.197569782091297e-08,0.40435427665361406,0.3833511603806447,0.21255046511433864
1072.1442885771544,3.972342436055154e-08,0.40414059411544784,0.339120919387613,0.2573529589539684
1091.983967935872,3.9334621211834016e-08,0.43349068245297023,0.30219542561124557,0.2655156032380322
1111.8236472945891,3.8214695860023e-08,0.476908375951261,0.2841566214104421,0.23928591781720077
1131.6633266533067,3.627913324920933e-08,0.5221740136479913,0.2774304969536026,0.20111908980075793
1151.5030060120241,3.556926447470889e-08,0.5585358976681672,0.30368426734562476,0.13818377689906072
1171.3426853707415,3.5164187844169195e-08,0.5803074795390695,0.3357174250465189,0.08414505036355735
1191.182364729459,3.268512962425921e-08,0.5864015901195646,0.37181256839162,0.042217250713754394
1211.0220440881765,3.254445014062457e-08,0.5696222911546548,0.41907934947092945,0.011373622682732207
1230.8617234468938,3.198464344267636e-08,0.5439656858045236,0.45605533513094504,0.00019081443192192838
1250.7014028056112,2.9991333728154345e-08,0.5057989926035757,0.4888562637831856,0.005634383354668804
1270.5410821643288,2.9706702118362396e-08,0.4663648155281461,0.5085073748026328,0.02525841275854681
1290.3807615230462,2.9058209974803402e-08,0.432910285214635,0.5157755185236699,0.051722059620871536
1310.2204408817636,2.953503867171502e-08,0.40463881461102263,0.5109978223749885,0.08607758738387733
1330.060120240481,2.739504416720351e-08,0.37546961685565633,0.5042181000893949,0.12054804297151137
1349.8997995991986,2.7207553681879295e-08,0.3620629559055388,0.4860399248196808,0.15236541334048634
1369.739478957916,2.6535672557108397e-08,0.350783107058432,0.4713308053908719,0.1783842251774339
1389.5791583166333,2.5906090298415993e-08,0.34372233592722246,0.46102623292960937,0.19581492842583811
1409.418837675351,2.4703787762421657e-08,0.34327201651410577,0.44035907646635447,0.21703203491696385
1429.2585170340683,2.408885486813041e-08,0.34950110822046393,0.430436528209654,0.2207442869461603
1449.0981963927857,2.3354199381024794e-08,0.35851292628559894,0.4260028575261171,0.21587425735193227
1468.937875751503,2.2761343931125397e-08,0.3672691620563748,0.4238504344570163,0.20970102098122095
1488.7775551102206,2.1913432171659212e-08,0.3738688983923342,0.41959563193053534,0.20701572241268953
1508.617234468938,2.182078332327899e-08,0.38770824161515416,0.42106924812382635,0.19221821447414617
1528.4569138276554,2.128208108557739e-08,0.39441263097121565,0.43493775215258484,0.17164696494771958
1548.2965931863728,2.045934921991025e-08,0.39136270258807654,0.46285779317752035,0.14687850381166886
1568.1362725450904,2.0065059279838077e-08,0.38086583418051284,0.5192720172602753,0.10072822792722334
1587.9759519038078,1.9574840329125855e-08,0.37484364021805416,0.5441729503158969,0.08184816107259976
1607.8156312625251,1.9049405294541583e-08,0.3660704162779751,0.5701322520234005,0.06468422077869895
1627.6553106212425,1.842918189794704e-08,0.3562979545965909,0.5930489552619242,0.05155074264321362
1647.49498997996,1.8137804858909137e-08,0.37178238175469486,0.569478439248108,0.05931057480765863
1667.3346693386775,1.7978886951236898e-08,0.34971447279162254,0.6112864820345515,0.04034718628472086
1687.1743486973949,1.796761157903806e-08,0.3436939465365248,0.6253436841173576,0.032200519874927024
1707.0140280561125,1.7635507270067388e-08,0.32736492024086367,0.6509492379947467,0.022970231438734532
1726.8537074148298,1.721718878530993e-08,0.28768876642415664,0.7049707748800043,0.00834808862258899
1746.6933867735472,1.684753708639045e-08,0.29098079054108317,0.7005408904951699,0.00951722282813272
1766.5330661322646,1.6583947650620553e-08,0.27280347917171033,0.7225889625555562,0.0056565524642080145
1786.3727454909822,1.6500054626230737e-08,0.24685587818529262,0.7523841814554624,0.0020550353174725007
1806.2124248496996,1.608860582199425e-08,0.2286833754013113,0.7716947016890632,0.0008919214608477586
1826.052104208417,1.5655693870524115e-08,0.2108715970970412,0.789782211559853,0.0006287327666865189
1845.8917835671343,1.5420325863204606e-08,0.19584080643899507,0.8047607494446649,0.00034983807963854066
1865.731462925852,1.4824117374650928e-08,0.1819252776983074,0.8186668639737298,0.0005479169660766882
1885.5711422845693,1.4783330797534279e-08,0.1531948415008485,0.8454395813985027,0.0025987692620448683
1905.4108216432867,1.4608633491797435e-08,0.1375541735868268,0.8604858489116711,0.0032382254765240736
1925.250501002004,1.44543199648548e-08,0.13139294570409704,0.865573506020495,0.00442610906169143
1945.0901803607217,1.3361959532033267e-08,0.10338205071249691,0.8915229033497304,0.0067688517675843765
1964.929859719439,1.3542369686554502e-08,0.12772175001466465,0.8727690825184772,0.0003692235656017397
1984.7695390781564,1.3370396437503609e-08,0.11256269226741546,0.887387349880712,0.0007009400727029094
2004.609218436874,1.3340462134618171e-08,0.07366532713309919,0.9204459823313028,0.007047497451871746
2024.4488977955914,1.3148047313353297e-08,0.06832617147737649,0.924449597222955,0.008355312285927514
2044.2885771543088,1.2664426552419041e-08,0.06624150931550413,0.9296525818629636,0.004567421834269357
2064.128256513026,1.2340732747524364e-08,0.059208294621874206,0.9374055276561251,0.003858117050326411
2083.967935871744,1.1860620717656641e-08,0.053940326554785895,0.9443098199050466,0.0022785168475535213
2103.807615230461,1.1603708287442871e-08,0.03797732409483641,0.9585412551367322,0.0041242676134112845
2123.6472945891783,1.2077870152419644e-08,0.03933427267560315,0.9601827318467995,0.0013888075243114171
2143.486973947896,1.1536268016546278e-08,0.029636461868415672,0.9692667970793236,0.0022178293880326543
2163.3266533066135,1.1159591076933767e-08,0.02791063846007343,0.9725264211625779,0.0007320030948164174
2183.1663326653306,1.0977028559302984e-08,0.017921402883818268,0.9812885553918622,0.001974092926142383
2203.0060120240482,1.0826777058637214e-08,0.012274129168376073,0.9872091652110727,0.0016805520467418709
2222.845691382766,1.0433070859036296e-08,0.00657219735842873,0.9926496255844632,0.0021199779193583255
2242.685370741483,1.0011818388729352e-08,0.00701772566789252,0.9940455551475527,0.00016767418331767984
2262.5250501002006,9.919775393290449e-09,0.003463078743559601,0.9984008062282684,6.037183157161682e-05
2282.364729458918,1.0356402135041589e-08,0.0004370046558655288,0.9993867534412945,0.001043910367379332
2302.2044088176353,1.0176700698343638e-08,0.0007725414566827603,0.9990739129374511,0.0010393387252558436
2322.044088176353,1.0035387681227844e-08,0.001259754040618221,0.9988838915504659,0.0007541615386987047
2341.8837675350705,9.878965478084865e-09,0.0031567105062843,0.9968969389351848,0.0008467901328799101
2361.7234468937877,9.595038063890276e-09,0.00391022857165686,0.9969402675546125,5.486988837911693e-05
2381.5631262525053,9.36523799207964e-09,0.008827465626055582,0.9911874982511336,0.0011453143176783265
2401.4028056112224,9.206324569179135e-09,0.013465159362250168,0.9862963645491425,0.0014159461430047606
2421.24248496994,9.25387441528108e-09,0.023534908582899382,0.976816388184553,0.0005099696686804075
2441.0821643286577,9.101837274344082e-09,0.030808794908298326,0.9694683451995543,0.000588253830195007
2460.921843687375,9.005215324806848e-09,0.03399234519731981,0.9665446134526368,0.0003256739417066951
2480.7615230460924,8.864798897151351e-09,0.04247364807438736,0.9579823263878808,0.0004105765129200723
2500.60120240481,8.771988129844328e-09,0.05178639427528352,0.9485296062569373,0.0005690775031499249
2520.440881763527,8.491236661525205e-09,0.06281278666611001,0.9370605949185997,0.000980576295871569
2540.2805611222448,8.404803962869753e-09,0.0719421466607082,0.9280801332880825,0.0007751083574690626
2560.120240480962,8.1783757203771e-09,0.10176047960540612,0.8949036722073391,0.004600831558249233
2579.9599198396795,8.056503884384764e-09,0.11467327155442036,0.8820143445408659,0.00459352693186952
2599.799599198397,8.175588307074218e-09,0.10667276998642335,0.8936504626893651,0.00044742739512366206
2619.6392785571143,8.054263299738532e-09,0.11976341553228476,0.8803984780511174,0.000608999502738865
2639.478957915832,7.792400453572612e-09,0.13463345975679103,0.8650573569447572,0.0010673934112625876
2659.3186372745495,7.670491130940407e-09,0.14866666631077882,0.8507378395022432,0.001352010123681323
2679.1583166332666,7.551505854039693e-09,0.16305099848755347,0.8360223319778204,0.0016817148566048343
2698.997995991984,7.182415878761255e-09,0.20154357696836916,0.7926870715170763,0.006837032182581748
2718.837675350702,7.075659325113865e-09,0.2168348345873398,0.7769509823579946,0.00728646069664042
2738.677354709419,7.413371930019895e-09,0.21509933761446862,0.7815432598645103,0.004303630371389984
2758.5170340681366,7.41856725787207e-09,0.2305866271138268,0.7662377248705169,0.004134368125626227
2778.3567134268537,7.2846191510397476e-09,0.2365837717707931,0.7611089993349692,0.0038100871685602454
2798.1963927855713,7.19944233399575e-09,0.2523972501837621,0.7451883175393484,0.003912068176738737
2818.036072144289,7.114487321979755e-09,0.2682499243297906,0.7291454931572092,0.004096167521659846
2837.875751503006,7.029973123310985e-09,0.28410071548312493,0.7130146547355527,0.004369377249026346
2857.7154308617237,6.9465223148047645e-09,0.2999078862904782,0.6968415341383384,0.004727945576039546
2877.5551102204413,6.80308916625977e-09,0.3153528727575885,0.6810586894830944,0.0050667697941257795
2897.3947895791584,6.723772902391756e-09,0.3310105130463735,0.6648993779285692,0.005559712353129628
2917.234468937876,6.64542114814976e-09,0.34652009713611953,0.6487979561501919,0.006142260858944069
2937.074148296593,6.568016339667343e-09,0.36185132238752643,0.6327840995146747,0.006815042120841628
2956.913827655311,6.623216983738888e-09,0.38249431727073446,0.6103084736276213,0.008578126386612773
2976.7535070140284,6.5413711888790584e-09,0.3970472525745791,0.5949328152972054,0.009402284531481711
2996.5931863727455,6.110021179771889e-09,0.4146873553573365,0.5770169628473442,0.010000962210616462
3016.432865731463,6.225437475993451e-09,0.41495451905256636,0.5789278242312184,0.0076142222190829474
3036.2725450901808,6.1976385277109096e-09,0.42838474371605384,0.5649929497996192,0.008097032145897182
3056.112224448898,5.9733558917945454e-09,0.4295516673950326,0.5663844800677865,0.005073876634036839
3075.9519038076155,5.912220741154773e-09,0.44373125419744275,0.5512860537820518,0.0059758097990357225
3095.791583166333,5.851984964522818e-09,0.45759704473562457,0.5364173082830735,0.006962142597219624
3115.6312625250503,5.7926032509720285e-09,0.47113489877398634,0.5217919721840165,0.008033301555707546
3135.470941883768,5.729255093683505e-09,0.48433311084007014,0.507422754682772,0.009186996236655982
3155.310621242485,5.664317623759826e-09,0.49716749043964076,0.4932886242130454,0.010470365835497248
3175.1503006012026,5.463341067059999e-09,0.5319534470437297,0.44457202641510135,0.024949533688430694
3194.98997995992,5.398599709941063e-09,0.5429652921726904,0.4316040392765182,0.026892440177180493
3214.8296593186374,5.334771329005276e-09,0.5535884136413836,0.418944861827576,0.028915257409344797
3234.669338677355,5.271842977293414e-09,0.563821810823583,0.40659823073780693,0.031015274782770965
3254.5090180360726,5.209803220140126e-09,0.5736657168781245,0.3945668255597239,0.03318960312632421
3274.3486973947897,5.14864179635297e-09,0.5831215113448661,0.3828523407575164,0.03543519007110002
3294.1883767535073,5.088349322553151e-09,0.5921916338598989,0.37145555594739454,0.03774883611941493
3314.028056112225,5.02891703989886e-09,0.6008794994200063,0.3603764041652782,0.0401272111591816
3333.867735470942,4.97033660081561e-09,0.609189415590433,0.34961403798903185,0.04256687119687372
3353.7074148296597,5.060111111500988e-09,0.6108011931075341,0.34519174811964554,0.04511713059100917
3373.547094188377,5.005486031388406e-09,0.6185182497520102,0.335040951657654,0.04754098944971516
3393.3867735470944,4.947193780139821e-09,0.6258393015108886,0.32517853133735986,0.05007102335941044
3413.226452905812,4.898084934310223e-09,0.633696187991855,0.32194634335579186,0.045440926727110774
3433.066132264529,4.845157892318433e-09,0.6407046968712534,0.3124365778759701,0.047929397813675716
3452.905811623247,4.961342134502533e-09,0.6450223133882305,0.3092131913790664,0.0467476660627967
3472.7454909819644,4.910206119320175e-09,0.6515977769883816,0.3001396446537542,0.049232735326453114
3492.5851703406815,4.859771371455715e-09,0.6578448103923277,0.2913534315763147,0.051759182998573905
3512.424849699399,4.810030129115163e-09,0.6637714600189031,0.2828500395631682,0.05432348167622241
3532.2645290581163,4.760965724896012e-09,0.6693860120933746,0.2746246402597137,0.05692217065439503
3552.104208416834,4.712572903216973e-09,0.6746970770605792,0.2666721548887019,0.05955172430400741
3571.9438877755515,4.6650536457426516e-09,0.6797145861414805,0.2589873550527524,0.06220781445440919
3591.7835671342687,4.548892479898835e-09,0.6862473237930065,0.24687220785032837,0.06780312335153423
3611.6232464929863,4.500845197543699e-09,0.6905082517856352,0.23982159218100285,0.07058218938543204
3631.462925851704,4.4534992305048805e-09,0.6945039193396363,0.2330216437191968,0.07337611628743619
3651.302605210421,4.406841880534678e-09,0.6982437641776104,0.2264662817148595,0.07618154495836967
3671.1422845691386,4.360860767904467e-09,0.7017372258977065,0.22014935265781962,0.07899518674005163
3690.981963927856,4.315543812255181e-09,0.70499371779524,0.21406465281107678,0.08181382910577717
3710.8216432865734,3.980880283052663e-09,0.709999274556782,0.20552119664122404,0.08567070743000026
3730.661322645291,3.939169184574431e-09,0.712719876760783,0.19992322652786657,0.08853812706247699
3750.501002004008,3.898049705241911e-09,0.7152310255778761,0.19453931241237352,0.09140115748606947
3770.3406813627257,3.85751139931637e-09,0.7175419181354651,0.1893631798089548,0.09425687305182219
3790.1803607214433,3.817544374489345e-09,0.7196616198433783,0.1843885930609927,0.0971024408632355
3810.0200400801605,3.778138768706031e-09,0.7215990409027542,0.17960936750452156,0.09993513197975955
3829.859719438878,3.7392849256684495e-09,0.7233629258809946,0.17501938121625601,0.10275232017307596
3849.6993987975957,3.7009733880689157e-09,0.7249618420416345,0.1706125852802928,0.1055514833546938
3869.539078156313,3.6631948915726723e-09,0.7264041692368028,0.16638301291396201,0.10833020457999973
3889.3787575150304,3.6259403573859624e-09,0.7276980911059253,0.16232478743495332,0.11108617290462117
3909.218436873748,3.5896754054692414e-09,0.7288610564851448,0.1584316389399441,0.11380847916020635
3929.058116232465,3.5539381465370593e-09,0.7298921058849115,0.15469812231862676,0.11650327953181466
3948.897795591183,4.19884081925028e-09,0.7380505491324169,0.15647194809680204,0.10625724011881334
3968.7374749499,4.164146069980064e-09,0.7391422660401532,0.15275254837023705,0.10887807985941313
3988.5771543086175,4.129871264896786e-09,0.7401081216335619,0.1491829163589234,0.11147510965272418
4008.416833667335,4.09601019548589e-09,0.7409551729403387,0.14575789278772114,0.11404643242548074
4028.2565130260523,4.07451365217082e-09,0.7418950043744529,0.14244895444103062,0.11642046749268352
4048.09619238477,4.0309314297835e-09,0.7423313040677161,0.13932032614958367,0.11910133639291041
4067.9358717434875,4.009512435129783e-09,0.7430595022495045,0.13627341411070984,0.12142418298445248
4087.7755511022046,3.976389682315881e-09,0.7434857613722398,0.13337730991718783,0.12388702588372176
4107.615230460922,3.943694501178227e-09,0.7438256564048323,0.13060189438675754,0.12631565830695388
4127.454909819639,3.91141987863603e-09,0.7440850251085074,0.12794267032444595,0.12870874160167933
4147.294589178357,3.879558845934298e-09,0.7442694950664372,0.12539525926289666,0.13106502805555192
4167.134268537075,3.848104513185736e-09,0.7443844859732469,0.12295540161531246,0.1333833585252891
4186.973947895792,3.817050076661086e-09,0.7444352119539303,0.12061895654108708,0.13566266028037574
4206.813627254509,3.80781188702491e-09,0.7448794880674019,0.11831017303775562,0.13751053121169193
4226.653306613227,3.776757386434994e-09,0.7448027270227112,0.11616713888700628,0.13972434866892847
4246.492985971944,3.7417833439013985e-09,0.7446682093826669,0.11411797786441448,0.14186781577425808
4266.332665330661,3.7118175300936506e-09,0.7444956950116893,0.11215538287666119,0.14399924234246653
4286.172344689379,3.6822257687402176e-09,0.7442822426535914,0.11027749829191871,0.1460869457395814
4306.0120240480965,2.9645154556590943e-09,0.7418713226044023,0.10765740721379809,0.15129191793215738
4325.851703406814,2.9376661567987623e-09,0.7415851010557537,0.10599118133078773,0.15324079182609543
4345.691382765532,2.9111326148655242e-09,0.7412724732070692,0.10439735794914748,0.15514374283372445
4365.531062124249,2.8849112856525987e-09,0.7409368166056307,0.1028728550499206,0.1570004720527295
4385.370741482966,2.8609953694739547e-09,0.7405797349259459,0.10141509774903772,0.1588453273476674
4405.210420841684,2.8353346586127967e-09,0.7402077114914883,0.10002039834410736,0.16060836605662848
4425.050100200401,2.9757885972202055e-09,0.7614500599541013,0.101952155562104,0.1370292381480179
4444.889779559118,2.954329329448015e-09,0.7612040841692892,0.1003350424204371,0.13889135780758483
4464.729458917836,2.9330552443372654e-09,0.7609305397963773,0.09878417224983761,0.14071484088458355
4484.5691382765535,2.911965142960704e-09,0.7606324795554981,0.09729687501662157,0.14249930025813853
4504.408817635271,2.8910578085042193e-09,0.7603128142875812,0.09587056948641214,0.14424440212669196
4524.248496993989,2.8703320080062714e-09,0.759974316896035,0.09450276130011899,0.1459498639858063
4544.088176352706,2.8497864939731998e-09,0.7596196263043415,0.0931910410164527,0.147615452622893
4563.927855711423,2.835027741619311e-09,0.759251253681915,0.09193308147334191,0.14931465385202242
4583.767535070141,2.8145280194619708e-09,0.7588715771271832,0.09072663846096725,0.15089713947113578
4603.607214428858,2.794219098931353e-09,0.758482859852381,0.08956954461784511,0.15243937216207576
4623.446893787575,3.0702448222898844e-09,0.7471976264265767,0.08752554804860689,0.16570647208399164
4643.2865731462925,3.05085749792095e-09,0.7465323626612987,0.08662210038287485,0.1672800826820776
4663.126252505011,3.0286024436108834e-09,0.7460919707371795,0.08573344392787026,0.16860748281292753
4682.965931863728,3.006566713726984e-09,0.745657723230098,0.08488216687352504,0.16989141399940647
4702.805611222445,2.99639912774596e-09,0.7455176939440477,0.08398150325303591,0.17094682682696122
4722.645290581163,2.9743697447503262e-09,0.7450887527252231,0.08320145886535338,0.17215418250629078
4742.48496993988,2.8642194002917037e-09,0.7444353050031187,0.08249752406247485,0.17351196607164682
4762.324649298597,2.8436767950964358e-09,0.7440697917289356,0.08177401710672398,0.17459935911680605
4782.164328657315,2.82316812692609e-09,0.7436704139983756,0.08108702394339887,0.17568425422251246
4802.0040080160325,2.802853653335652e-09,0.7432853351767754,0.08042820849470113,0.17672669539742267
4821.84368737475,2.78273150643171e-09,0.7429155335635317,0.07979619188332894,0.17772708213994143
4841.683366733468,2.762819892190541e-09,0.7425622226206549,0.0791895419379651,0.17868572369629118
4861.523046092185,2.743075251558429e-09,0.7422255707837013,0.07860721930806495,0.17960330104245123
4881.362725450902,2.7235174880991306e-09,0.7419066726308617,0.07804789182905392,0.1804801484016564
4901.20240480962,2.704144761471595e-09,0.7416062109796763,0.07751039666005503,0.1813167448581376
4921.042084168337,2.6849552404078018e-09,0.7413248031544128,0.07699362043066978,0.18211358555327828
4940.881763527054,2.6235424157263398e-09,0.7541868408284985,0.07424426689497908,0.17196198339365593
4960.721442885772,2.607941760955337e-09,0.7538130570630692,0.0736899875477635,0.17288930501506697
4980.5611222444895,2.592319912831419e-09,0.7534526009444474,0.07315819806110453,0.17377992193249356
5000.400801603207,2.576901701962502e-09,0.7531065564215393,0.07264768283908243,0.1746366314401434
5020.240480961924,2.561476986302499e-09,0.752778121241546,0.07215665226234456,0.17545471427073034
5040.080160320642,2.5461643364711223e-09,0.7524677592473149,0.07168412081066869,0.1762362364167875
5059.919839679359,2.5309630408504786e-09,0.75217594620194,0.0712291668587697,0.1769816432963076
5079.759519038076,2.560885910545925e-09,0.745595643599295,0.07200453995586467,0.1828031263663854
5099.599198396794,2.5440801017329506e-09,0.745420281890854,0.07161157116898204,0.1833707027074229
5119.438877755511,2.527420053599188e-09,0.7452670445741058,0.0712315692888774,0.18390238071737525
5139.2785571142285,2.51090718938036e-09,0.7451351670799561,0.07086419619397313,0.18440008816021816
5159.118236472947,2.4945399820557513e-09,0.7450247880257862,0.0705087636515775,0.18486437412082082
5178.957915831664,2.4783169198195366e-09,0.744936010630697,0.07016461452222025,0.18529579200217977
5198.797595190381,2.462236499645108e-09,0.7448689045919556,0.06983112160264525,0.18569489880079817
5218.637274549099,2.446297241637864e-09,0.7448235081957933,0.06950768637383743,0.18606225425924358
5238.476953907816,2.4304976840450015e-09,0.744799830060048,0.06919373790658058,0.18639842021382233
5258.316633266533,2.414836375477621e-09,0.7447978507619314,0.06888873182532598,0.1867039599966506
5278.156312625251,2.399311877934847e-09,0.7448175241040975,0.06859214937413106,0.18697943810825213
5297.995991983968,2.3841534094219322e-09,0.7448624456076987,0.06830172452651573,0.1872242601247138
5317.835671342686,2.3688923074668245e-09,0.7449250520758255,0.06802056793918615,0.1874413935827508
5337.675350701404,2.3547887507432535e-09,0.7450286913510353,0.06773664839167873,0.1876207619833097
5357.515030060121,2.285174809609788e-09,0.7545829254791735,0.06477716877156932,0.180978620658912
5377.354709418838,2.272497441860801e-09,0.7545524569287246,0.06449560343479957,0.18128930632826035
5397.194388777555,2.1963274868020207e-09,0.7596364762714803,0.06290392594837589,0.1779272807662794
5417.034068136273,2.184946899964682e-09,0.7595722520670597,0.06262422631903752,0.17827003669655425
5436.87374749499,2.173650246770336e-09,0.7595275542684233,0.06235219968894766,0.178585693299152
5456.7134268537075,2.1624109888955743e-09,0.7595019474392156,0.06208759898290012,0.17887476897235954
5476.5531062124255,2.151242124048299e-09,0.759495581248202,0.06182992821161009,0.1791376930434674
5496.392785571143,2.1401432584886733e-09,0.7595083771591393,0.061578801565465954,0.17937492888971726
5516.23246492986,2.1291138384434935e-09,0.7595402425622627,0.061333849781485955,0.17958693744561324
5536.072144288578,2.118153338837404e-09,0.7595910677963364,0.061094720580455904,0.17977417974617996
5555.911823647295,2.107266881489108e-09,0.7596605794665772,0.06086111109147682,0.17993723132773864
5575.751503006012,2.118669669222648e-09,0.7601980371541455,0.061599911000645935,0.17854989347613723
5595.59118236473,2.042447081695363e-09,0.7651025035989233,0.059893345061856465,0.17545212035760652
5615.430861723447,2.0322186945691302e-09,0.765187904226394,0.05965387627675003,0.17560525027338955
5635.2705410821645,2.022039232623817e-09,0.7652904377100214,0.05941956668177346,0.17573602214681552
5655.110220440883,2.0119201876869383e-09,0.7654101313209658,0.05919004806554179,0.17584485561889426
5674.9498997996,2.0018611729930575e-09,0.765546828383631,0.058965049253189177,0.17593217781926407
5694.789579158317,1.991861803954577e-09,0.7657003617023366,0.058744311675645,0.1759984138182564
5714.629258517035,1.9819216981772643e-09,0.7658705543069877,0.058527588870970065,0.17604398637918475
5734.468937875752,1.972040475471488e-09,0.7660572201664753,0.05831464600306621,0.1760693157255379
5754.308617234469,1.962217757859695e-09,0.7662601648708847,0.058105259397255846,0.17607481932251715
5774.148296593186,1.9524531695804644e-09,0.7664791862835455,0.057899216092232385,0.1760609116723636
5793.987975951904,1.9394951504059756e-09,0.7664801793256217,0.05782754762628613,0.1761562251487388
5813.827655310622,1.9299289939340574e-09,0.7667380885749795,0.05762575383776732,0.17609889533081585
5833.667334669339,1.920416800649359e-09,0.7670112746224423,0.057426733530789205,0.17602352409518549
5853.507014028057,1.9109583231360495e-09,0.7672995121003292,0.05723031325299258,0.17593050980760852
5873.346693386774,1.9015533115355843e-09,0.7676025708022491,0.05703632820208629,0.17582024704043842
5893.186372745491,1.892201513711541e-09,0.7679202161704707,0.05684462186831447,0.17569312644225685
5913.026052104209,1.8847554571051347e-09,0.7682841481723708,0.056634361088628134,0.17553642141231768
5932.865731462926,1.875470607149341e-09,0.7686289657661882,0.056447214710657174,0.17537762523026135
5952.705410821643,1.866239025257013e-09,0.768987683282954,0.05626191670987721,0.17520308634160894
5972.5450901803615,1.8570604330752975e-09,0.7693600522810089,0.05607834043988165,0.17501317948855946
5992.384769539079,1.8479345511652787e-09,0.7697458220846631,0.05589636595346914,0.1748082749633035
6012.224448897796,1.82975182813917e-09,0.7703489427599437,0.05563162093591185,0.17446186285577645
6032.064128256514,1.8207796503916587e-09,0.770757077344241,0.05545217880027289,0.17423205906282452
6051.903807615231,1.8118590617306957e-09,0.7711778306274075,0.055274040384099894,0.17398833705538624
6071.743486973948,1.8029897862640054e-09,0.7716109478472617,0.05509710919812135,0.1737310478124602
6091.583166332666,1.794174663118856e-09,0.7720560211011273,0.05492135759989474,0.17346062896474743
6111.422845691383,1.7854185696721429e-09,0.7725125487291502,0.05474680795219177,0.17317756366001433
6131.2625250501005,1.776712950282255e-09,0.7729806840323952,0.054573212453245076,0.17288194006137972
6151.102204408819,1.8391337299101151e-09,0.7716304745874951,0.05520902200894858,0.17358784196102867
6170.941883767536,1.8298770311282091e-09,0.7721566215082935,0.055040876126092306,0.17322846269931466
6190.781563126253,1.8206791744351545e-09,0.7726938510967011,0.05487319794557262,0.17285754760561123
6210.62124248497,1.8115397126779082e-09,0.7732418916150435,0.05470593058467263,0.17247542489592882
6230.460921843688,1.8024582025990234e-09,0.7738004727797025,0.054539020957692134,0.17208241754363565
6250.300601202405,1.7934342047755085e-09,0.7743693259331379,0.05437241959855054,0.17167884328476432
6270.140280561122,1.8050343097650167e-09,0.770112450909947,0.0584769679285432,0.17158239559816638
6289.97995991984,1.6895497623415884e-09,0.7721299694417895,0.057468667976390636,0.17056724393320727
6309.819639278558,1.680460414815171e-09,0.7728918838338465,0.0572698949231311,0.17000357873431485
6329.659318637275,1.6714436705867481e-09,0.7736602546911494,0.05707148022469377,0.16943385435622949
6349.498997995993,1.6624962686148256e-09,0.7744351436346262,0.05687286720572541,0.16885705813663596
6369.33867735471,1.6536187472687267e-09,0.7752161493840302,0.056674317088138006,0.1682740941484173
6389.178356713427,1.6448103751825018e-09,0.7760030341531472,0.056475817795045534,0.16768521178744156
6409.018036072145,1.6360704302733401e-09,0.7767955637145304,0.0562773589453276,0.16709065520845354
6428.857715430862,1.6273981996074375e-09,0.7775935074330192,0.05607893175640982,0.1664906633885343
6448.697394789579,1.6187929792678029e-09,0.7783966382938194,0.05588052895142684,0.16588547019160557
6468.5370741482975,1.6129303032103333e-09,0.7794413378325673,0.05538161267400392,0.16531061647492726
6488.376753507015,1.6046337886284433e-09,0.7802410647848975,0.055183978535261274,0.16470848519291095
6508.216432865732,1.5963987487462395e-09,0.7810453698820253,0.05498640702057954,0.16410171238885027
6528.05611222445,1.595332709072527e-09,0.7818676459988796,0.05472615976028464,0.16355540798383533
6547.895791583167,1.5870961581586408e-09,0.7826783303042177,0.054529891693704514,0.1629404842668285
6567.735470941884,1.5789213624930992e-09,0.7834930486907432,0.05433365830699101,0.16232150220908065
6587.575150300601,1.5708092270028626e-09,0.784311549308148,0.054137697998457066,0.16169918842504166
6607.414829659319,1.5627560134496534e-09,0.7851337487877532,0.053941526101375196,0.16107266535774384
6627.2545090180365,1.5547626891515543e-09,0.785959393565516,0.053745390328393226,0.1604426706112805
6647.094188376754,1.5468286471713013e-09,0.7867882946717849,0.05354929281315719,0.15980939067589234
6666.933867735472,1.5389532881898173e-09,0.7876202666833627,0.05335323645616283,0.15917300773828852
6686.773547094189,1.5311360203955638e-09,0.7884551277092392,0.05315722487168904,0.15853369974878034
6706.613226452906,1.5233762593754045e-09,0.7892926993738394,0.05296126233727291,0.1578916404883665
6726.452905811624,1.5156734280087705e-09,0.7901328067979271,0.05276535374566138,0.15724699963568387
6746.292585170341,1.508026956508114e-09,0.7909752785767517,0.05256950456219056,0.15659994283127804
6766.132264529058,1.5662594411070937e-09,0.7915212966965476,0.0507450534432893,0.15792175250883747
6785.971943887776,1.558910993426827e-09,0.792300944453881,0.05056404410653536,0.1573228605151906
6805.811623246494,1.5516239531030031e-09,0.7930833962242603,0.05038317269780471,0.15672102414101446
6825.651302605211,1.544395763993602e-09,0.7938685096642303,0.05020242956403443,0.15611639534557517
6845.490981963929,1.5372136574179541e-09,0.7946561969786763,0.050021751730724325,0.1555091246128231
6865.330661322646,1.530077246628397e-09,0.7954463004206708,0.04984114284111533,0.15489936605798857
6885.170340681363,1.5246275065973574e-09,0.7962369502021682,0.04964621310038991,0.15430171961445996
6905.010020040081,1.5175574149660623e-09,0.7970310208120568,0.04946602184125141,0.15368759908337865
6924.849699398798,1.5105322778696734e-09,0.7978270665590856,0.04928590848014723,0.15307142233868726
6944.689378757515,1.503553122751949e-09,0.798624936951878,0.04910589087789795,0.15245332204506645
6964.529058116233,1.4966201341033387e-09,0.799424488783629,0.04892597970275931,0.15183343077084116
6984.368737474951,1.4897308928932487e-09,0.8002255888737242,0.04874616315251805,0.15121189351262349
7004.208416833668,1.4828850315315042e-09,0.8010280998278202,0.04856644775565009,0.15058884116483112
7024.048096192385,1.4760821859528577e-09,0.8018318871325134,0.048386840319666294,0.1499644014630271
7043.887775551103,1.4693219955865438e-09,0.8026368191268232,0.0482073479053794,0.14933869903809985
7063.72745490982,1.4626041033257369e-09,0.8034427669727672,0.048027977802464754,0.14871185547005647
7083.567134268537,1.4559281554972668e-09,0.8042496046251147,0.047848737506265976,0.1480839893414051
7103.406813627255,1.4492938018312751e-09,0.8050572088003816,0.04766963469578731,0.14745521629010055
7123.2464929859725,1.4427006954311829e-09,0.8058654589451433,0.047490677212825114,0.14682564906204082
7143.08617234469,1.4361484927435769e-09,0.8066742372037385,0.04731187304218996,0.14619539756308758
7162.925851703408,1.4296368535283561e-09,0.8074834283854135,0.04713323029297036,0.14556456891059902
7182.765531062125,1.423165440828975e-09,0.8082929199309797,0.04695475718079521,0.14493326748445992
7202.605210420842,1.4167339209428294e-09,0.8091026018790369,0.046776462011052414,0.14430159497758677
7222.44488977956,1.410341963391747e-09,0.8099123668318162,0.04659835316301824,0.14366965044590757
7242.284569138277,1.4039892408927547e-09,0.8107221099206992,0.04642043907486391,0.14303753035779207
7262.124248496994,1.397675429328823e-09,0.8115317287714527,0.04624272822949495,0.1424053286429284
7281.963927855712,1.391400207719921e-09,0.8123411234692398,0.046065229141190094,0.14177313674063613
7301.80360721443,1.385163258194218e-09,0.8131501965234282,0.04588795034300527,0.14114104364760516
7321.643286573147,1.3789596309574466e-09,0.8139588707795702,0.04571092263694967,0.1405090535549071
7341.482965931864,1.3727984188236785e-09,0.8147670176985349,0.04553410927736086,0.13987741736694212
7361.322645290582,1.3666745394651208e-09,0.8155745646686422,0.04535754183047226,0.13924613275693404
7381.162324649299,1.3605876872848392e-09,0.8163814235434333,0.04518122879169653,0.13861527941701554
7401.002004008016,1.354537559648416e-09,0.8171875084232201,0.04500517862258157,0.13798493482656446
7420.841683366734,1.3485238568562282e-09,0.8179927356195725,0.044829399742130585,0.1373551742963673
7440.681362725451,1.3420197253182505e-09,0.8187911255450261,0.044646272960621874,0.13673965812498137
7460.521042084169,1.3360958231591564e-09,0.8195942821585259,0.04447132690843778,0.13611112908979736
7480.360721442887,1.3302072195549416e-09,0.8203963614386504,0.04429667350457387,0.1354833825354153
7500.200400801604,1.324410244451491e-09,0.8211971043741704,0.04412214393279603,0.13485767191171852
7520.040080160321,1.318590496930178e-09,0.8219968023792856,0.043948103917168996,0.13423167599863134
7539.879759519039,1.3128052156487104e-09,0.8227952026539331,0.04377438075552142,0.1336066590836337
7559.719438877756,1.3070501008365583e-09,0.8235924776448507,0.043601180414516494,0.1329823609524849
7579.559118236473,1.3013287818971712e-09,0.8243883390576703,0.04342831835014688,0.13235914133364943
7599.398797595191,1.295641234433287e-09,0.825182706050255,0.0432557900554322,0.13173707829169168
7619.2384769539085,1.2900450891179216e-09,0.8259754452587105,0.04308361178001159,0.13111745171686606
7639.078156312626,1.2844233277424925e-09,0.8267666339203454,0.042911774182449944,0.13049784951315438
7658.917835671344,1.2788345425084622e-09,0.827556140905234,0.04274029341671855,0.12987956860230288
7678.757515030061,1.2732784677691232e-09,0.8283439074059785,0.04256917694382378,0.12926266039314918
7698.597194388778,1.3077926393225908e-09,0.8300804508325073,0.04303850762621694,0.12704513002968176
7718.436873747496,1.302153130008231e-09,0.8308891180850809,0.04286382768745788,0.12641090959615028
7738.276553106213,1.2965468754324176e-09,0.8316956305297631,0.04268953917949559,0.12577844936280588
7758.11623246493,1.2909736040203232e-09,0.8324999367890815,0.04251564965619472,0.12514779320390942
7777.9559118236475,1.2854330465433466e-09,0.8333019871358783,0.04234216653051711,0.12451898348413032
7797.795591182366,1.27992493819675e-09,0.8341017334322904,0.042169097057735166,0.123892061136882
7817.635270541083,1.2744490159475653e-09,0.834899129133483,0.04199644835391529,0.12326706564138633
7837.4749498998,1.2698395637997515e-09,0.8356806060579678,0.041817331763457574,0.12267182367302877
7857.314629258518,1.2644158176055248e-09,0.8364731717797004,0.041645686668460496,0.12205056745667646
7877.154308617235,1.259023666153622e-09,0.8372632606481247,0.04147447993299996,0.12143134763319349
7896.993987975952,1.2536628535672713e-09,0.8380508319710958,0.041303718136879254,0.12081419836396091
7916.83366733467,1.248333126646959e-09,0.8388358464885788,0.04113340771020143,0.12019915252755632
7936.673346693387,1.2430342348404587e-09,0.8396182663432273,0.04096355493338015,0.1195862417491526
7956.513026052105,1.2377659302132565e-09,0.8403980550513709,0.04079416593728876,0.11897549642937325
7976.352705410823,1.2325279674191666e-09,0.8411751774744051,0.04062524670353615,0.11836694577262123
7996.19238476954,1.2273201036713968e-09,0.8419495997905867,0.04045680306486448,0.1177606178148787
8016.032064128257,1.2221420987138271e-09,0.8427212894672308,0.04028884070565959,0.11715653945099026
8035.871743486975,1.216993714792626e-09,0.8434902152333207,0.040121365162568444,0.1165547364614347
8055.711422845692,1.2118747166281924e-09,0.8442563470525146,0.03995438182521602,0.11595523353858887
8075.551102204409,1.2067848713873473e-09,0.8450196560965683,0.03978789593701624,0.11535805431249668
8095.390781563127,1.2017239486558601e-09,0.8457801147191527,0.03962191259606886,0.1147632213761457
8115.2304609218445,1.1966917204112655e-09,0.8465376964300818,0.039456436756140516,0.11417075631025636
8135.070140280562,1.191687960995929e-09,0.8472923758699348,0.03929147322771855,0.11358067970759837
8154.909819639279,1.1867124470904504e-09,0.8480441287850884,0.03912702667913893,0.11299301119683142
8174.749498997997,1.1817649576872398e-09,0.8487929320031417,0.03896310163777739,0.11240776946588515
8194.589178356713,1.1768452740645457e-09,0.8495387634087345,0.038799702491303205,0.11182497228488018
8214.428857715431,1.1719531797605767e-09,0.850281601919773,0.03863683348898909,0.1112446365285981
8234.26853707415,1.1670884605479843e-09,0.8510214274640294,0.03847449874307259,0.11066677819851074
8254.108216432865,1.162250904408609e-09,0.8517582209561462,0.03831270223016632,0.11009141244436958
8273.947895791584,1.1574403015085073e-09,0.8524919642750177,0.03815144779271212,0.10951855358536516
8293.787575150302,1.1526564441731362e-09,0.8532226402415569,0.03799073914047523,0.10894821513086597
8313.627254509018,1.1478991268629043e-09,0.853950232596846,0.037830579852075386,0.10838040980073838
8333.466933867736,1.1431681461489501e-09,0.8546747259806584,0.03767097337655189,0.10781514954525426
8353.306613226454,1.1384633010812568e-09,0.8553961059139615,0.03751192303632345,0.10725244555964818
8373.14629258517,1.1337843919960272e-09,0.8561143587675358,0.037353432024720266,0.10669230831791683
8392.985971943888,1.1291312216345216e-09,0.856829471751919,0.03719550341164837,0.10613474757725914
8412.825651302606,1.1245035947803841e-09,0.8575414328944972,0.03703814014408288,0.10557977240047389
8432.665330661323,1.119901318205999e-09,0.8582502310193872,0.03688134504760082,0.10502739117454951
8452.50501002004,1.1161057868028533e-09,0.8589562380589487,0.03672524735202288,0.10449946188930204
8472.344689378759,1.1115466685074055e-09,0.8596586731827939,0.03656959264897376,0.10395203741420127
8492.184368737475,1.1070123920638779e-09,0.8603579163881384,0.036414513998218656,0.10340723129881096
8512.024048096193,1.1025027716760822e-09,0.8610539594999208,0.03626001375382258,0.10286504936069375
8531.863727454911,1.098017623425257e-09,0.8617467950467803,0.03610609415720697,0.1023254968261942
8551.703406813627,1.0935567652487608e-09,0.8624364162434897,0.035952757338901194,0.10178857834625622
8571.543086172345,1.0891200169188227e-09,0.863122816973715,0.035800005320296494,0.10125429801191325
8591.382765531063,1.0847072000217003e-09,0.8638059917731109,0.035647840015404254,0.10072265936944244
8611.22244488978,1.0803181379368908e-09,0.8644859358127236,0.035496263232613685,0.10019366543520104
8631.062124248498,1.0759526558166346e-09,0.8651626448827253,0.035345276676449405,0.09966731871014495
8650.901803607216,1.0716105805656556e-09,0.865836115376452,0.03519488194932733,0.09914362119403317
8670.741482965932,1.0672917408210097e-09,0.8665063442747585,0.035045080553306934,0.0986225743993303
8690.58116232465,1.0629959669322574e-09,0.8671733291306699,0.03489587389183889,0.0981041793648045
8710.420841683368,1.0587230909417614e-09,0.8678370680543402,0.03474726327150703,0.09758843666883575
8730.260521042084,1.0544729465652846e-09,0.8684975596983031,0.03459924990376359,0.09707534644242949
8750.100200400802,1.050253197255938e-09,0.8691550523401195,0.03445188700743024,0.09656460615026305
8769.93987975952,1.0460575743255298e-09,0.8698093552988798,0.03430513410568519,0.096056447751367
8789.779559118237,1.0418843627844497e-09,0.8704604197262719,0.03415898169791951,0.09555092979450755
8809.619238476955,1.0377334023954112e-09,0.8711082463269643,0.03401343061058943,0.095048050743157
8829.458917835673,1.0336045344155682e-09,0.8717528362734461,0.0338684815834111,0.09454780867961195
8849.298597194389,1.0294976015807989e-09,0.8723941911930053,0.033724135271069704,0.09405020131630769
8869.138276553107,1.0254124480901794e-09,0.8730323131549758,0.033580392244915006,0.09355522600687638
8888.977955911825,1.0213489195906154e-09,0.8736672046582543,0.0334372529946411,0.09306287975695654
8908.817635270541,1.017306863161652e-09,0.874298868619079,0.03329471792995194,0.09257315923474758
8928.65731462926,1.0132861273004182e-09,0.8749273083590686,0.03315278738221021,0.09208606078132761
8948.496993987977,1.011934861465948e-09,0.8732032181289242,0.032579242639025244,0.09445356675925377
8968.336673346694,1.0082088413876622e-09,0.873821902771865,0.032444293302399674,0.0939698032845191
8988.176352705412,1.0044573248282368e-09,0.8744379675644869,0.0323099647549775,0.0934874550871412
9008.01603206413,1.0007231003603013e-09,0.8750510750582268,0.03217616973250002,0.0930075317508188
9027.855711422846,9.970053552895996e-10,0.8756613912476947,0.03204294754182893,0.0925298630483877
9047.695390781564,9.933038388569863e-10,0.8762689589443727,0.031910307171128846,0.09205440547525748
9067.535070140282,9.89619377710742e-10,0.8768735686358058,0.03177819969261583,0.09158137271505873
9087.374749498998,9.86004744838562e-10,0.8774777401138598,0.03164712935310635,0.09110774487296472
9107.214428857716,9.824747227992978e-10,0.8780801024558903,0.0315168201962286,0.09063598183840532
9127.054108216433,9.789156042654685e-10,0.8786795776831112,0.031387022228938806,0.09016576569866286
9146.89378757515,9.753720796446605e-10,0.8792761223181815,0.03125774302005444,0.08969796121678127
9166.733466933869,9.488129139580465e-10,0.8789894151155718,0.03095675742749219,0.09027778623733011
9186.573146292585,9.452840414026037e-10,0.8795721779587203,0.030829291689225203,0.08982188662690356
9206.412825651303,9.41771236051214e-10,0.8801520695777191,0.030702351770222118,0.08936833362876202
9226.252505010021,9.382744111734363e-10,0.8807290931806985,0.03057593780220625,0.08891712391294367
9246.092184368737,9.347934805778796e-10,0.881303252295901,0.0304500498576477,0.08846825388840075
9265.931863727455,9.31367193832134e-10,0.8818742138537723,0.030324612499969168,0.08802267119325863
9285.771543086174,9.279173370459524e-10,0.8824426581171302,0.030199777919034526,0.08757845812503451
9305.61122244489,9.245474494114268e-10,0.8830110861988835,0.030075987292133774,0.08713321631350154
9325.450901803608,9.212057481013032e-10,0.8835774087925685,0.029952844968781287,0.08668945479703671
9345.290581162326,9.178775945638601e-10,0.8841411479724022,0.02983026302422793,0.08624776610068485
9365.130260521042,9.145640706169669e-10,0.8847020649816671,0.02970819151560272,0.08580838923164497
9384.96993987976,9.112658448265808e-10,0.8852601815817404,0.029586633403633485,0.0853712995192618
9404.809619238478,9.080227152946646e-10,0.8858154397398158,0.02946559095905807,0.08493732286918841
9424.649298597195,9.047523802584454e-10,0.8863679259273994,0.0293450509702787,0.08450483462111501
9444.488977955913,9.014961556854918e-10,0.886917604094498,0.02922501976016899,0.08407464596629159
9464.32865731463,8.982539672860294e-10,0.8874644796281064,0.029105497040501156,0.08364675182631731
9484.168336673347,8.9502574139625e-10,0.888008558161372,0.028986482476733126,0.0832211469226476
9504.008016032065,8.918114049694226e-10,0.8885498455663593,0.028867975688997627,0.08279782578284883
9523.847695390783,8.886108855673995e-10,0.8890883479469524,0.028749976253080588,0.08237678274671262
9543.6873747495,8.854241113521183e-10,0.8896240716319104,0.02863248370138747,0.08195801197224056
9563.527054108217,8.822510110772139e-10,0.8901570231680558,0.028515497523897836,0.08154150744149893
9583.366733466935,8.790915140798811e-10,0.8906872093136119,0.028399017169109152,0.08112726296634211
9603.206412825652,8.759455502727901e-10,0.8912146370316745,0.028283042044968117,0.08071527219401212
9623.04609218437,8.728130501361629e-10,0.8917393134838151,0.028167571519790394,0.0803055286126137
9642.885771543088,8.696939447099469e-10,0.8922612460238225,0.028052604923168648,0.07989802555647035
9662.725450901804,8.73553997707401e-10,0.8925246290088081,0.027895239888136098,0.0797843915762697
9682.565130260522,8.704061486987696e-10,0.8930420844943737,0.02778187212969217,0.07937968885292332
9702.40480961924,8.672720341839352e-10,0.8935568244655351,0.027668997323084955,0.0789772115377285
9722.244488977956,8.641515813913421e-10,0.8940688566841514,0.027556614784492308,0.07857695252750924
9742.084168336674,8.610447181436124e-10,0.8945781890825069,0.027444723793768385,0.07817890458536123
9761.923847695392,8.579513728494202e-10,0.8950848297576406,0.027333323595304913,0.07778306034545278
9781.763527054109,8.548714744957294e-10,0.895588786965804,0.027222413398881127,0.07738941231771147
9801.603206412827,8.518049526399952e-10,0.8960900691170401,0.027111992380501618,0.07699795289240334
9821.442885771545,8.487517374025176e-10,0.8965886847698694,0.027002059683221488,0.07660867434461438
9841.282565130261,8.457117594589599e-10,0.8970846426261001,0.02689261441796032,0.07622156883862245
9861.122244488979,8.426849500329685e-10,0.8975779515257459,0.026783655664303536,0.0758366284321713
9880.961923847695,8.729580487194422e-10,0.9005800705214966,0.02697150230055613,0.07265064670636996
9900.801603206413,8.698378830374736e-10,0.9010700454381649,0.02686030749690879,0.07227131724548672
9920.641282565131,8.667317845149895e-10,0.9015572888646117,0.02674962948589209,0.07189420364606475
9940.480961923848,8.636396785105202e-10,0.9020418120685468,0.026639466906069716,0.07151929601028391
9960.320641282566,8.605614908505515e-10,0.9025236264030317,0.026529818370261287,0.07114658438050253
9980.160320641284,8.574971478265253e-10,0.9030027433023583,0.026420682466321944,0.07077605874260419
10000.0,8.544465761919221e-10,0.903479174278028,0.026312057757907834,0.07040770902925372
